id,age
1,5
2,21
3,70
4,60
5,3
6,75
7,68
8,36
9,26
10,93
11,12
12,62
13,40
14,34
15,85
16,78
17,74
18,58
19,36
20,94
21,97
22,71
23,79
24,29
25,68
26,88
27,28
28,19
29,3
30,54
31,57
32,71
33,98
34,12
35,11
36,66
37,19
38,31
39,75
40,22
41,11
42,33
43,44
44,40
45,24
46,49
47,11
48,8
49,44
50,27
51,25
52,19
53,48
54,36
55,29
56,34
57,84
58,29
59,25
60,31
61,2
62,97
63,38
64,22
65,5
66,91
67,44
68,12
69,34
70,76
71,50
72,13
73,85
74,34
75,77
76,19
77,54
78,3
79,23
80,46
81,92
82,19
83,74
84,36
85,96
86,35
87,86
88,36
89,10
90,25
91,35
92,67
93,39
94,99
95,98
96,72
97,89
98,71
99,17
100,84
101,2
102,55
103,55
104,83
105,13
106,16
107,62
108,13
109,90
110,51
111,55
112,57
113,93
114,76
115,73
116,16
117,34
118,65
119,94
120,60
121,29
122,4
123,17
124,5
125,59
126,59
127,96
128,41
129,10
130,33
131,71
132,45
133,11
134,47
135,86
136,1
137,7
138,33
139,47
140,9
141,73
142,81
143,58
144,40
145,71
146,30
147,70
148,2
149,9
150,42
151,49
152,21
153,22
154,66
155,10
156,36
157,69
158,71
159,5
160,16
161,81
162,32
163,38
164,38
165,25
166,83
167,65
168,71
169,56
170,13
171,5
172,1
173,60
174,90
175,25
176,1
177,17
178,100
179,5
180,77
181,29
182,90
183,17
184,65
185,9
186,90
187,71
188,3
189,83
190,8
191,69
192,32
193,92
194,28
195,39
196,74
197,68
198,32
199,94
200,70
201,53
202,37
203,65
204,90
205,97
206,85
207,14
208,12
209,51
210,19
211,90
212,59
213,65
214,28
215,36
216,1
217,82
218,10
219,7
220,60
221,55
222,21
223,42
224,71
225,87
226,56
227,27
228,38
229,6
230,56
231,33
232,15
233,68
234,33
235,86
236,9
237,62
238,24
239,66
240,68
241,5
242,13
243,13
244,31
245,20
246,21
247,98
248,11
249,99
250,9
251,46
252,97
253,28
254,91
255,24
256,91
257,73
258,34
259,64
260,54
261,47
262,55
263,38
264,64
265,45
266,55
267,80
268,15
269,32
270,40
271,81
272,93
273,57
274,45
275,49
276,44
277,85
278,45
279,48
280,46
281,96
282,63
283,77
284,92
285,78
286,50
287,37
288,50
289,39
290,19
291,6
292,85
293,20
294,43
295,64
296,94
297,64
298,15
299,27
300,52
301,65
302,49
303,29
304,38
305,100
306,35
307,100
308,21
309,51
310,51
311,63
312,52
313,62
314,95
315,98
316,24
317,94
318,64
319,35
320,4
321,72
322,100
323,4
324,31
325,2
326,55
327,92
328,83
329,27
330,79
331,5
332,74
333,64
334,77
335,1
336,3
337,60
338,7
339,84
340,99
341,6
342,1
343,69
344,76
345,37
346,5
347,59
348,48
349,61
350,59
351,40
352,29
353,75
354,19
355,100
356,77
357,33
358,12
359,51
360,94
361,53
362,36
363,83
364,66
365,68
366,50
367,79
368,9
369,21
370,75
371,33
372,89
373,95
374,88
375,28
376,37
377,37
378,80
379,42
380,37
381,16
382,54
383,32
384,37
385,8
386,70
387,94
388,27
389,99
390,51
391,41
392,58
393,37
394,5
395,21
396,83
397,16
398,40
399,12
400,39
401,86
402,69
403,96
404,85
405,89
406,4
407,61
408,95
409,1
410,40
411,21
412,97
413,61
414,57
415,58
416,17
417,74
418,21
419,49
420,31
421,97
422,20
423,38
424,87
425,55
426,13
427,19
428,81
429,43
430,22
431,44
432,68
433,78
434,68
435,43
436,10
437,78
438,80
439,64
440,11
441,77
442,95
443,66
444,29
445,95
446,42
447,50
448,59
449,38
450,74
451,35
452,19
453,89
454,25
455,51
456,19
457,93
458,35
459,49
460,22
461,49
462,4
463,70
464,79
465,4
466,38
467,60
468,27
469,23
470,65
471,70
472,85
473,91
474,65
475,19
476,89
477,32
478,66
479,15
480,88
481,85
482,58
483,58
484,48
485,67
486,90
487,78
488,97
489,53
490,35
491,70
492,58
493,73
494,2
495,33
496,83
497,65
498,71
499,15
500,12
501,67
502,35
503,1
504,85
505,22
506,80
507,5
508,49
509,18
510,28
511,7
512,88
513,71
514,85
515,51
516,31
517,13
518,44
519,61
520,63
521,97
522,94
523,10
524,63
525,39
526,82
527,51
528,74
529,48
530,66
531,22
532,56
533,66
534,26
535,96
536,55
537,86
538,91
539,28
540,61
541,50
542,85
543,41
544,14
545,93
546,52
547,65
548,100
549,35
550,6
551,68
552,95
553,51
554,37
555,30
556,59
557,58
558,86
559,5
560,83
561,87
562,46
563,37
564,65
565,5
566,7
567,16
568,66
569,81
570,92
571,62
572,32
573,24
574,84
575,88
576,12
577,38
578,12
579,18
580,31
581,31
582,1
583,56
584,21
585,36
586,23
587,69
588,61
589,58
590,14
591,34
592,52
593,97
594,68
595,11
596,30
597,6
598,43
599,40
600,25
601,8
602,23
603,78
604,20
605,80
606,53
607,37
608,11
609,31
610,22
611,53
612,75
613,1
614,77
615,9
616,91
617,16
618,57
619,58
620,12
621,17
622,42
623,57
624,12
625,100
626,31
627,40
628,37
629,41
630,92
631,52
632,53
633,24
634,20
635,77
636,49
637,20
638,91
639,19
640,20
641,8
642,17
643,23
644,67
645,29
646,39
647,59
648,45
649,44
650,60
651,38
652,76
653,94
654,50
655,63
656,10
657,76
658,33
659,54
660,55
661,66
662,81
663,74
664,20
665,68
666,80
667,57
668,25
669,83
670,62
671,55
672,69
673,65
674,12
675,22
676,56
677,20
678,74
679,54
680,56
681,11
682,78
683,37
684,65
685,8
686,89
687,98
688,80
689,67
690,58
691,57
692,53
693,48
694,30
695,53
696,70
697,20
698,14
699,5
700,3
701,21
702,73
703,63
704,56
705,75
706,6
707,53
708,32
709,70
710,55
711,19
712,64
713,14
714,99
715,4
716,19
717,59
718,29
719,86
720,70
721,48
722,46
723,3
724,47
725,53
726,74
727,18
728,64
729,88
730,70
,31
,59
,80
,78
,14
,14
,77
,29
,98
,31
,89
,53
,96
,84
,29
,74
,50
,77
,58
,89
,94
,23
,11
,14
,15
,1
,25
,16
,9
,93
,28
,90
,75
,70
,72
,34
,79
,88
,47
,84
,13
,70
,75
,18
,39
,37
,24
,73
,22
,84
,13
,13
,20
,88
,90
,50
,14
,31
,57
,61
,19
,83
,98
,78
,16
,90
,91
,57
,93
,83
,29
,91
,42
,64
,64
,3
,81
,69
,67
,31
,21
,34
,39
,49
,49
,25
,21
,3
,46
,31
,68
,8
,2
,33
,57
,61
,28
,1
,25
,8
,70
,65
,97
,96
,31
,31
,7
,7
,54
,93
,96
,26
,62
,71
,46
,88
,4
,5
,74
,55
,27
,49
,98
,91
,33
,98
,45
,59
,34
,84
,45
,22
,25
,19
,14
,91
,86
,94
,60
,37
,97
,30
,4
,28
,23
,5
,51
,45
,19
,26
,22
,52
,98
,70
,40
,2
,95
,6
,34
,46
,44
,6
,76
,49
,87
,32
,100
,29
,24
,92
,26
,50
,73
,67
,15
,65
,34
,72
,50
,19
,6
,13
,7
,89
,5
,91
,44
,49
,58
,99
,5
,56
,78
,42
,42
,37
,18
,91
,59
,53
,89
,87
,58
,16
,53
,4
,28
,41
,56
,7
,59
,22
,66
,95
,57
,30
,95
,95
,90
,88
,68
,57
,96
,100
,52
,81
,44
,76
,40
,63
,76
,84
,72
,16
,81
,22
,90
,88
,51
,9
,57
,78
,89
,69
,65
,79
,100
,90
,59
,82
,65
,22
,67
,61
,80
,25
,10
,89
,80
,87
,17
,60
,36
,79
,7
,3
,96
,72
,43
,57
,30
,77
,91
,47
,63
,96
,16
,41
,60
,23
,78
,58
,37
,40
,40
,78
,5
,3
,80
,76
,89
,59
,44
,51
,38
,26
,15
,27
,32
,56
,83
,3
,97
,70
,4
,7
,69
,20
,16
,12
,99
,70
,90
,9
,79
,33
,19
,67
,92
,47
,68
,100
,26
,58
,91
,65
,5
,54
,99
,32
,80
,10
,43
,63
,9
,90
,42
,45
,91
,28
,7
,90
,76
,39
,7
,58
,98
,46
,62
,11
,24
,97
,95
,78
,83
,20
,78
,18
,73
,93
,4
,31
,27
,100
,73
,9
,8
,70
,83
,76
,2
,29
,39
,84
,57
,5
,52
,62
,29
,82
,46
,82
,60
,19
,75
,10
,81
,9
,88
,26
,20
,3
,28
,61
,78
,9
,13
,8
,50
,79
,15
,41
,53
,70
,38
,81
,78
,96
,10
,17
,93
,40
,87
,8
,33
,52
,82
,45
,66
,63
,95
,55
,61
,19
,59
,73
,96
,63
,74
,3
,28
,16
,93
,31
,97
,94
,88
,4
,36
,60
,13
,85
,66
,42
,72
,50
,19
,69
,76
,98
,88
,5
,63
,61
,13
,16
,5
,48
,24
,40
,67
,68
,39
,21
,91
,43
,29
,89
,65
,10
,58
,78
,55
,94
,65
,36
,54
,60
,66
,27
,5
,6
,81
,31
,55
,58
,88
,28
,80
,2
,62
,92
,17
,9
,34
,16
,47
,72
,56
,15
,20
,36
,51
,7
,64
,76
,10
,42
,54
,89
,1
,56
,50
,65
,88
,41
,66
,30
,50
,89
,51
,41
,6
,11
,30
,99
,47
,60
,100
,2
,30
,63
,96
,89
,74
,3
,23
,83
,73
,49
,77
,5
,18
,97
,22
,3
,74
,25
,60
,90
,80
,71
,51
,67
,83
,75
,7
,33
,93
,87
,25
,5
,49
,14
,16
,78
,75
,41
,17
,57
,60
,3
,42
,81
,57
,86
,6
,14
,2
,29
,16
,69
,66
,86
,98
,81
,92
,91
,6
,42
,83
,97
,32
,66
,85
,97
,53
,65
,65
,16
,16
,35
,18
,83
,84
,72
,52
,42
,39
,80
,37
,37
,59
,16
,46
,76
,64
,89
,44
,70
,89
,81
,32
,28
,81
,3
,29
,92
,1
,94
,97
,28
,23
,29
,69
,50
,64
,70
,54
,72
,17
,35
,28
,7
,83
,5
,89
,93
,18
,74
,63
,41
,13
,12
,98
,33
,8
,89
,28
,31
,88
,60
,82
,26
,68
,50
,9
,34
,39
,100
,5
,33
,97
,57
,19
,96
,4
,21
,74
,47
,5
,51
,66
,33
,49
,90
,71
,61
,24
,33
,52
,10
,40
,97
,40
,68
,6
,34
,47
,5
,81
,26
,46
,93
,18
,10
,88
,90
,97
,19
,10
,17
,8
,99
,38
,73
,63
,18
,11
,2
,36
,94
,12
,31
,87
,46
,98
,56
,93
,98
,56
,95
,95
,52
,18
,15
,60
,76
,71
,92
,93
,96
,37
,22
,74
,94
,22
,80
,70
,71
,72
,17
,47
,27
,6
,29
,58
,42
,41
,9
,1
,81
,70
,62
,62
,70
,17
,95
,60
,36
,89
,88
,82
,65
,90
,61
,8
,93
,81
,64
,49
,91
,84
,69
,80
,28
,12
,81
,97
,91
,2
,25
,28
,21
,47
,42
,44
,3
,3
,68
,75
,37
,86
,10
,38
,76
,10
,4
,36
,41
,98
,66
,62
,70
,24
,61
,6
,28
,27
,5
,44
,53
,23
,60
,26
,100
,2
,18
,96
,43
,50
,6
,98
,94
,95
,30
,91
,35
,21
,98
,72
,69
,42
,73
,2
,17
,45
,78
,62
,83
,42
,49
,48
,58
,83
,54
,91
,72
,45
,40
,94
,16
,40
,63
,64
,20
,78
,43
,59
,29
,41
,64
,33
,28
,97
,73
,17
,63
,82
,66
,3
,35
,49
,52
,82
,60
,100
,47
,13
,93
,68
,54
,61
,57
,29
,81
,92
,99
,12
,1
,45
,54
,45
,60
,12
,90
,36
,20
,20
,15
,13
,85
,94
,18
,34
,31
,76
,72
,39
,56
,66
,85
,89
,44
,84
,62
,58
,45
,1
,93
,4
,12
,50
,95
,18
,84
,82
,86
,23
,56
,33
,88
,23
,82
,18
,56
,36
,69
,76
,58
,91
,66
,22
,97
,58
,51
,81
,64
,91
,72
,15
,47
,7
,69
,54
,66
,69
,5
,92
,35
,48
,55
,10
,69
,95
,12
,44
,71
,59
,73
,76
,54
,2
,35
,90
,71
,96
,92
,57
,50
,96
,94
,76
,71
,41
,65
,44
,17
,29
,6
,93
,93
,29
,52
,21
,23
,51
,100
,37
,36
,35
,99
,44
,61
,19
,55
,23
,76
,87
,37
,23
,84
,24
,22
,18
,72
,37
,82
,13
,89
,52
,50
,87
,30
,14
,51
,50
,12
,47
,76
,36
,93
,5
,42
,13
,12
,40
,49
,36
,88
,19
,25
,13
,29
,13
,69
,96
,31
,86
,2
,66
,40
,77
,38
,71
,85
,28
,49
,6
,32
,13
,60
,66
,66
,11
,9
,55
,48
,93
,40
,53
,42
,95
,50
,30
,66
,15
,29
,90
,6
,45
,33
,99
,70
,90
,27
,16
,21
,86
,59
,71
,10
,65
,40
,55
,83
,11
,82
,13
,16
,19
,51
,88
,63
,94
,8
,28
,90
,78
,87
,87
,45
,88
,53
,56
,93
,77
,31
,79
,96
,77
,20
,95
,4
,16
,81
,46
,21
,18
,56
,58
,64
,40
,14
,16
,64
,15
,46
,66
,75
,49
,77
,64
,81
,96
,90
,26
,34
,77
,6
,88
,60
,58
,28
,53
,62
,29
,55
,60
,44
,62
,33
,84
,42
,100
,54
,15
,93
,95
,34
,8
,86
,15
,22
,26
,84
,94
,5
,6
,80
,90
,18
,95
,44
,40
,31
,49
,3
,37
,91
,8
,53
,82
,80
,96
,34
,67
,19
,58
,82
,48
,70
,37
,68
,38
,59
,41
,62
,99
,62
,58
,7
,56
,34
,47
,26
,19
,34
,31
,31
,45
,69
,77
,19
,31
,18
,66
,53
,61
,43
,29
,81
,95
,97
,56
,36
,56
,74
,26
,41
,30
,13
,24
,63
,95
,14
,90
,81
,88
,73
,92
,69
,98
,65
,16
,19
,31
,66
,54
,100
,23
,5
,64
,4
,64
,32
,89
,46
,19
,71
,95
,41
,88
,9
,2
,20
,79
,43
,42
,7
,51
,6
,5
,93
,75
,2
,77
,30
,42
,9
,9
,36
,27
,97
,64
,95
,23
,4
,46
,72
,57
,52
,16
,55
,73
,71
,77
,24
,58
,84
,57
,94
,8
,31
,71
,22
,70
,7
,64
,83
,49
,2
,67
,79
,10
,42
,60
,65
,74
,25
,18
,60
,23
,23
,84
,99
,82
,79
,95
,16
,72
,58
,51
,17
,16
,79
,15
,14
,37
,85
,88
,19
,65
,35
,98
,53
,57
,14
,55
,71
,21
,18
,79
,12
,78
,99
,25
,31
,25
,10
,35
,15
,65
,97
,66
,61
,61
,38
,83
,1
,3
,33
,48
,31
,66
,90
,79
,64
,36
,67
,27
,31
,94
,11
,13
,65
,9
,37
,24
,49
,87
,86
,58
,18
,83
,23
,64
,82
,3
,34
,8
,58
,34
,72
,1
,59
,1
,8
,35
,12
,37
,12
,65
,84
,45
,98
,8
,70
,42
,27
,18
,71
,39
,98
,100
,52
,83
,51
,98
,93
,13
,18
,13
,82
,92
,72
,29
,33
,13
,23
,80
,69
,33
,69
,54
,61
,24
,50
,1
,46
,34
,27
,52
,27
,90
,47
,17
,14
,57
,74
,91
,13
,61
,92
,63
,47
,25
,83
,65
,43
,40
,73
,62
,38
,15
,50
,27
,76
,96
,15
,64
,77
,80
,18
,35
,31
,4
,21
,35
,71
,54
,92
,46
,4
,39
,88
,15
,19
,20
,58
,85
,11
,45
,83
,23
,92
,99
,87
,20
,73
,20
,75
,55
,86
,44
,92
,50
,15
,82
,77
,20
,23
,81
,36
,56
,29
,55
,91
,54
,16
,46
,74
,33
,28
,88
,7
,93
,81
,52
,64
,51
,41
,62
,72
,47
,40
,95
,87
,29
,92
,41
,47
,89
,40
,36
,72
,38
,20
,66
,63
,11
,5
,39
,83
,46
,76
,5
,69
,95
,62
,76
,72
,2
,87
,67
,8
,67
,33
,69
,98
,36
,84
,58
,43
,71
,38
,100
,51
,98
,55
,95
,72
,29
,71
,47
,20
,40
,43
,4
,30
,32
,10
,43
,47
,81
,72
,69
,39
,44
,78
,28
,13
,14
,65
,23
,49
,30
,50
,52
,10
,58
,37
,71
,32
,57
,78
,91
,2
,52
,51
,43
,55
,42
,24
,29
,72
,41
,30
,9
,2
,96
,93
,76
,59
,23
,79
,34
,25
,44
,47
,2
,6
,8
,7
,22
,96
,55
,99
,71
,62
,83
,18
,22
,10
,30
,93
,28
,16
,86
,100
,82
,45
,99
,79
,13
,12
,76
,63
,10
,54
,98
,92
,21
,39
,42
,53
,57
,97
,98
,89
,9
,25
,94
,40
,37
,97
,62
,77
,64
,10
,22
,56
,62
,72
,13
,59
,17
,100
,48
,93
,91
,51
,57
,1
,95
,80
,5
,37
,8
,70
,15
,8
,78
,55
,45
,87
,55
,42
,52
,38
,59
,5
,7
,52
,2
,8
,70
,34
,80
,88
,50
,51
,1
,75
,80
,97
,41
,33
,75
,54
,34
,24
,31
,1
,36
,69
,55
,48
,45
,62
,88
,49
,35
,3
,31
,10
,76
,96
,20
,27
,66
,10
,59
,54
,67
,74
,5
,88
,89
,1
,95
,30
,61
,92
,13
,20
,67
,99
,32
,29
,65
,4
,27
,5
,20
,76
,76
,97
,96
,100
,100
,19
,72
,97
,29
,32
,97
,67
,15
,55
,92
,76
,56
,40
,4
,38
,26
,50
,11
,74
,91
,26
,3
,96
,55
,33
,27
,1
,98
,25
,45
,67
,18
,78
,33
,81
,32
,35
,25
,88
,37
,21
,2
,85
,79
,45
,93
,99
,20
,1
,32
,84
,28
,95
,22
,7
,51
,55
,91
,42
,96
,5
,98
,3
,56
,12
,90
,95
,5
,21
,48
,83
,17
,8
,91
,40
,74
,79
,53
,83
,10
,77
,42
,42
,79
,19
,55
,93
,41
,13
,75
,42
,99
,46
,13
,41
,87
,83
,45
,42
,39
,76
,5
,48
,94
,8
,89
,54
,80
,29
,75
,84
,68
,94
,5
,62
,96
,4
,2
,21
,45
,22
,76
,91
,6
,40
,97
,58
,76
,8
,76
,44
,68
,87
,85
,2
,82
,62
,38
,18
,83
,58
,65
,90
,7
,38
,12
,20
,22
,12
,27
,86
,1
,56
,81
,96
,43
,87
,27
,75
,97
,75
,73
,17
,96
,1
,42
,93
,32
,63
,12
,29
,67
,90
,28
,35
,73
,71
,31
,70
,17
,20
,34
,78
,49
,71
,100
,14
,100
,65
,13
,12
,11
,48
,73
,16
,5
,97
,79
,70
,96
,57
,70
,79
,40
,86
,37
,77
,20
,5
,17
,73
,64
,97
,78
,16
,52
,38
,95
,25
,100
,73
,18
,80
,38
,79
,8
,19
,17
,36
,55
,51
,31
,63
,23
,64
,6
,79
,78
,5
,77
,44
,28
,42
,34
,1
,24
,4
,32
,86
,12
,44
,42
,21
,61
,60
,17
,19
,60
,48
,19
,100
,87
,10
,87
,91
,80
,11
,77
,88
,43
,59
,26
,66
,60
,62
,66
,55
,10
,14
,7
,10
,56
,44
,65
,86
,93
,54
,89
,19
,25
,62
,92
,27
,22
,4
,36
,38
,8
,62
,44
,91
,18
,85
,7
,86
,34
,52
,61
,22
,94
,91
,5
,68
,32
,54
,96
,42
,12
,42
,28
,60
,57
,28
,31
,7
,73
,89
,84
,14
,59
,58
,35
,87
,98
,59
,96
,80
,38
,23
,86
,12
,95
,68
,53
,20
,18
,69
,80
,17
,92
,40
,43
,1
,57
,71
,31
,4
,37
,12
,71
,40
,31
,98
,31
,14
,14
,19
,57
,51
,40
,65
,77
,8
,53
,53
,54
,65
,57
,78
,70
,57
,47
,32
,21
,11
,42
,63
,65
,74
,66
,96
,22
,47
,47
,87
,22
,45
,72
,42
,99
,45
,73
,93
,73
,39
,100
,98
,18
,60
,94
,57
,15
,6
,71
,57
,71
,58
,49
,4
,92
,91
,81
,85
,69
,35
,28
,65
,6
,9
,13
,88
,85
,76
,69
,89
,44
,12
,59
,23
,68
,19
,18
,59
,2
,67
,34
,56
,71
,45
,35
,36
,51
,84
,42
,31
,24
,84
,80
,61
,28
,46
,69
,8
,28
,98
,3
,25
,84
,10
,79
,77
,71
,97
,38
,47
,75
,26
,99
,55
,73
,37
,48
,66
,61
,44
,93
,95
,51
,89
,3
,57
,89
,4
,53
,14
,2
,87
,73
,9
,39
,11
,40
,10
,58
,28
,79
,70
,89
,55
,34
,20
,50
,50
,34
,70
,46
,99
,28
,91
,38
,95
,61
,17
,86
,84
,38
,86
,92
,70
,15
,20
,84
,70
,6
,82
,93
,46
,12
,12
,20
,56
,79
,96
,38
,61
,37
,13
,7
,81
,77
,84
,58
,87
,45
,49
,66
,57
,10
,8
,71
,21
,32
,15
,36
,49
,89
,39
,27
,59
,6
,2
,97
,92
,68
,86
,70
,1
,72
,55
,23
,68
,55
,51
,4
,100
,85
,74
,67
,96
,77
,35
,75
,51
,65
,1
,66
,16
,83
,40
,25
,39
,53
,7
,24
,78
,91
,85
,54
,53
,15
,43
,41
,81
,37
,42
,6
,64
,90
,20
,50
,71
,94
,4
,64
,69
,34
,16
,4
,8
,35
,43
,4
,19
,57
,28
,60
,58
,18
,27
,73
,17
,87
,76
,70
,97
,24
,82
,11
,41
,40
,71
,21
,16
,59
,1
,99
,83
,48
,41
,42
,19
,72
,72
,28
,98
,55
,22
,54
,61
,49
,98
,24
,76
,20
,5
,94
,12
,19
,45
,70
,81
,8
,77
,77
,100
,39
,62
,58
,8
,55
,9
,6
,62
,59
,44
,59
,20
,38
,88
,98
,42
,69
,20
,68
,54
,54
,77
,35
,29
,3
,80
,88
,30
,24
,54
,40
,58
,22
,18
,70
,66
,88
,10
,95
,99
,17
,89
,7
,6
,29
,30
,77
,23
,22
,3
,91
,82
,15
,7
,60
,14
,90
,40
,10
,14
,25
,55
,81
,94
,26
,43
,54
,73
,39
,37
,77
,21
,91
,97
,20
,58
,59
,58
,66
,39
,47
,91
,86
,33
,51
,67
,57
,52
,2
,15
,92
,46
,19
,2
,76
,96
,41
,14
,37
,40
,71
,36
,65
,92
,94
,85
,56
,55
,88
,37
,96
,38
,11
,9
,73
,28
,93
,64
,13
,54
,53
,91
,50
,12
,52
,64
,47
,41
,48
,19
,41
,36
,13
,52
,59
,5
,94
,95
,7
,31
,26
,9
,56
,68
,66
,79
,52
,17
,69
,42
,73
,55
,99
,70
,63
,90
,6
,47
,63
,19
,77
,22
,47
,43
,81
,89
,52
,48
,70
,71
,39
,90
,29
,80
,17
,2
,8
,51
,21
,98
,77
,99
,87
,92
,99
,3
,3
,79
,53
,11
,81
,49
,94
,12
,100
,96
,51
,24
,86
,14
,99
,34
,29
,28
,59
,19
,85
,100
,88
,90
,92
,3
,71
,90
,90
,21
,16
,16
,83
,31
,94
,78
,1
,94
,23
,32
,6
,58
,80
,88
,53
,59
,74
,41
,27
,69
,88
,68
,54
,72
,68
,61
,94
,27
,81
,80
,62
,22
,41
,64
,47
,77
,96
,99
,74
,90
,71
,13
,90
,49
,20
,30
,1
,41
,93
,65
,82
,82
,88
,64
,49
,92
,43
,67
,19
,97
,25
,96
,4
,61
,26
,63
,9
,30
,14
,44
,43
,47
,87
,93
,61
,80
,25
,84
,35
,74
,31
,8
,56
,40
,26
,57
,22
,17
,32
,62
,85
,30
,15
,30
,21
,87
,15
,89
,52
,34
,41
,45
,22
,1
,89
,44
,61
,21
,2
,25
,74
,95
,83
,28
,88
,7
,19
,77
,65
,17
,77
,52
,82
,27
,76
,100
,13
,89
,38
,98
,10
,69
,88
,16
,35
,2
,55
,74
,12
,72
,53
,52
,82
,5
,31
,76
,51
,57
,54
,33
,2
,80
,39
,100
,91
,32
,24
,51
,34
,79
,4
,16
,74
,7
,75
,11
,90
,95
,97
,33
,11
,48
,36
,84
,10
,67
,89
,24
,36
,95
,79
,11
,9
,92
,37
,58
,45
,11
,75
,78
,73
,41
,90
,59
,1
,6
,48
,98
,62
,35
,92
,54
,1
,60
,47
,86
,20
,14
,97
,48
,29
,83
,49
,5
,61
,2
,23
,78
,53
,91
,8
,79
,9
,40
,97
,96
,9
,38
,1
,47
,9
,68
,47
,44
,46
,19
,1
,8
,50
,74
,55
,89
,87
,34
,77
,93
,54
,1
,7
,20
,53
,22
,43
,61
,61
,57
,98
,72
,37
,1
,79
,30
,26
,91
,93
,36
,71
,22
,55
,84
,62
,92
,96
,55
,23
,61
,42
,89
,62
,29
,72
,38
,31
,29
,14
,10
,81
,43
,30
,73
,47
,79
,67
,64
,71
,96
,66
,90
,56
,36
,23
,97
,39
,71
,58
,58
,76
,81
,38
,37
,95
,12
,39
,86
,90
,96
,5
,75
,87
,8
,44
,22
,65
,16
,44
,96
,51
,35
,91
,54
,93
,67
,50
,89
,42
,98
,33
,86
,72
,69
,95
,93
,22
,22
,33
,10
,49
,54
,19
,99
,1
,33
,38
,25
,96
,46
,36
,44
,59
,3
,14
,4
,46
,24
,48
,96
,2
,66
,66
,27
,26
,95
,8
,39
,87
,65
,94
,38
,76
,73
,96
,28
,24
,47
,15
,19
,89
,98
,13
,41
,24
,88
,71
,13
,1
,25
,17
,43
,51
,78
,66
,76
,89
,7
,63
,95
,15
,27
,30
,62
,81
,97
,72
,36
,96
,37
,3
,45
,79
,78
,21
,40
,76
,55
,65
,100
,73
,52
,72
,9
,86
,49
,64
,62
,71
,9
,32
,79
,96
,3
,31
,98
,84
,11
,48
,79
,50
,85
,3
,11
,16
,52
,9
,71
,71
,14
,93
,78
,38
,45
,9
,27
,25
,88
,12
,99
,48
,41
,61
,62
,26
,19
,12
,27
,9
,76
,55
,52
,26
,70
,86
,29
,19
,43
,45
,80
,12
,16
,50
,14
,72
,5
,1
,75
,24
,92
,95
,15
,99
,59
,34
,63
,48
,91
,68
,7
,16
,75
,18
,29
,53
,35
,87
,53
,58
,8
,81
,58
,81
,61
,84
,94
,72
,14
,13
,30
,82
,94
,72
,12
,51
,43
,50
,51
,75
,75
,91
,98
,28
,7
,53
,27
,58
,73
,19
,4
,64
,28
,66
,89
,56
,78
,39
,78
,54
,87
,23
,60
,27
,65
,34
,20
,26
,6
,36
,10
,54
,3
,42
,10
,50
,22
,6
,9
,70
,18
,99
,12
,46
,64
,79
,99
,40
,61
,69
,25
,30
,20
,45
,45
,53
,28
,67
,75
,93
,17
,64
,8
,16
,67
,98
,64
,12
,96
,4
,20
,93
,80
,59
,32
,1
,38
,62
,7
,89
,78
,43
,25
,72
,73
,94
,100
,11
,100
,50
,4
,47
,92
,41
,82
,1
,44
,95
,39
,28
,50
,98
,18
,18
,56
,8
,8
,44
,42
,96
,41
,7
,36
,81
,14
,37
,8
,83
,28
,27
,53
,99
,1
,12
,42
,73
,43
,13
,51
,89
,88
,23
,21
,35
,8
,51
,89
,87
,33
,8
,48
,36
,42
,81
,59
,32
,94
,66
,61
,5
,14
,89
,34
,82
,18
,89
,56
,70
,2
,22
,76
,87
,46
,36
,13
,81
,71
,41
,43
,99
,38
,100
,22
,58
,23
,30
,62
,33
,1
,46
,67
,38
,87
,22
,12
,74
,53
,66
,45
,67
,26
,94
,13
,70
,60
,52
,74
,20
,61
,23
,28
,94
,73
,53
,13
,40
,97
,78
,21
,94
,14
,99
,7
,72
,70
,1
,87
,25
,64
,64
,67
,86
,2
,65
,100
,19
,87
,32
,1
,38
,15
,58
,2
,23
,30
,64
,48
,19
,84
,55
,88
,5
,4
,63
,96
,61
,64
,69
,100
,66
,4
,40
,42
,26
,54
,17
,28
,70
,78
,52
,93
,55
,100
,74
,38
,27
,41
,30
,21
,24
,58
,65
,62
,7
,16
,84
,8
,98
,78
,85
,6
,62
,19
,12
,9
,12
,35
,11
,20
,92
,82
,78
,61
,87
,49
,85
,75
,46
,23
,67
,11
,88
,38
,14
,50
,92
,13
,63
,22
,34
,87
,49
,32
,5
,47
,94
,90
,65
,74
,13
,1
,40
,58
,98
,53
,41
,89
,55
,45
,62
,31
,89
,27
,47
,82
,90
,98
,38
,61
,8
,9
,9
,98
,36
,98
,27
,99
,52
,26
,7
,52
,77
,62
,16
,65
,82
,49
,53
,44
,45
,31
,35
,40
,27
,87
,65
,3
,91
,41
,13
,31
,55
,61
,64
,2
,78
,19
,64
,13
,80
,21
,87
,94
,64
,80
,98
,64
,10
,30
,90
,24
,53
,1
,96
,88
,29
,26
,10
,35
,57
,43
,95
,100
,3
,89
,71
,92
,73
,60
,85
,79
,48
,79
,19
,19
,95
,16
,100
,51
,56
,27
,80
,2
,73
,31
,52
,2
,81
,33
,48
,10
,49
,93
,22
,85
,99
,6
,77
,78
,81
,54
,65
,78
,84
,22
,78
,22
,18
,83
,42
,60
,4
,40
,96
,55
,85
,57
,6
,87
,62
,84
,96
,71
,65
,3
,85
,43
,8
,2
,80
,19
,79
,40
,42
,26
,18
,46
,78
,31
,100
,2
,94
,57
,66
,38
,77
,35
,27
,53
,9
,86
,6
,16
,19
,90
,86
,83
,59
,79
,14
,70
,27
,46
,70
,40
,43
,35
,9
,86
,5
,70
,20
,29
,60
,80
,69
,60
,48
,51
,84
,39
,84
,93
,100
,73
,79
,36
,22
,32
,56
,85
,77
,93
,7
,45
,90
,74
,48
,80
,93
,23
,20
,21
,45
,9
,30
,35
,21
,50
,24
,4
,54
,6
,22
,32
,7
,13
,62
,61
,18
,95
,80
,89
,88
,37
,59
,63
,65
,93
,68
,98
,43
,67
,97
,69
,33
,90
,21
,80
,22
,33
,18
,93
,31
,3
,28
,4
,90
,12
,49
,7
,3
,83
,7
,77
,79
,50
,44
,49
,69
,90
,24
,32
,1
,69
,44
,80
,37
,32
,94
,5
,32
,86
,46
,47
,64
,31
,60
,97
,29
,11
,4
,25
,3
,5
,43
,14
,66
,51
,83
,38
,82
,37
,96
,8
,26
,39
,59
,7
,88
,19
,7
,72
,24
,69
,13
,44
,10
,1
,8
,11
,38
,62
,27
,50
,58
,96
,90
,45
,63
,81
,27
,30
,70
,77
,95
,95
,50
,12
,40
,40
,64
,21
,3
,6
,2
,59
,40
,82
,39
,77
,65
,83
,61
,34
,100
,92
,72
,28
,79
,23
,93
,85
,14
,65
,7
,14
,94
,43
,20
,32
,88
,45
,28
,53
,8
,18
,79
,70
,1
,22
,22
,92
,49
,20
,95
,8
,88
,11
,75
,85
,2
,99
,84
,34
,18
,23
,94
,77
,46
,72
,5
,64
,54
,44
,17
,88
,16
,53
,56
,91
,6
,74
,18
,70
,52
,98
,29
,91
,26
,51
,7
,96
,37
,43
,90
,45
,39
,38
,38
,34
,4
,80
,84
,2
,55
,38
,18
,10
,59
,3
,21
,24
,21
,64
,40
,25
,61
,86
,43
,50
,24
,44
,35
,31
,6
,53
,58
,51
,75
,22
,3
,24
,2
,24
,57
,35
,59
,23
,7
,24
,81
,21
,67
,62
,21
,72
,29
,15
,23
,95
,74
,31
,1
,52
,41
,92
,20
,23
,97
,24
,55
,9
,69
,3
,61
,35
,43
,87
,82
,54
,97
,39
,89
,30
,100
,84
,3
,21
,25
,52
,66
,98
,47
,84
,4
,95
,46
,78
,21
,37
,24
,9
,88
,59
,18
,92
,11
,64
,82
,67
,58
,81
,98
,55
,86
,77
,30
,5
,4
,96
,98
,59
,67
,35
,68
,9
,69
,26
,87
,47
,100
,60
,43
,36
,28
,30
,28
,64
,96
,73
,5
,48
,28
,90
,3
,53
,77
,64
,80
,33
,97
,3
,28
,23
,16
,32
,37
,92
,97
,54
,67
,2
,55
,99
,60
,79
,11
,63
,61
,9
,17
,31
,84
,20
,10
,26
,86
,16
,15
,69
,47
,23
,94
,92
,7
,91
,61
,87
,6
,50
,29
,25
,73
,34
,49
,73
,47
,47
,44
,5
,22
,61
,66
,63
,59
,97
,98
,29
,97
,49
,63
,2
,48
,36
,25
,48
,89
,36
,87
,89
,84
,53
,61
,79
,61
,40
,42
,59
,64
,83
,52
,61
,33
,34
,72
,71
,25
,69
,89
,63
,70
,17
,45
,32
,73
,85
,10
,81
,28
,15
,43
,88
,51
,8
,12
,21
,52
,16
,76
,79
,91
,82
,100
,77
,55
,99
,28
,88
,17
,1
,63
,45
,24
,22
,33
,100
,90
,38
,18
,67
,12
,77
,26
,5
,85
,100
,77
,83
,43
,36
,82
,65
,86
,98
,83
,39
,88
,43
,9
,41
,80
,38
,25
,57
,94
,100
,17
,80
,70
,66
,20
,37
,96
,47
,56
,60
,7
,60
,62
,30
,17
,31
,12
,19
,69
,21
,33
,83
,63
,93
,74
,95
,5
,35
,40
,82
,1
,44
,73
,34
,98
,81
,55
,63
,81
,96
,9
,77
,3
,10
,14
,50
,91
,21
,48
,18
,67
,92
,56
,19
,50
,56
,86
,14
,97
,61
,81
,37
,52
,5
,65
,1
,78
,55
,4
,51
,25
,43
,47
,92
,75
,30
,26
,3
,82
,64
,30
,44
,11
,75
,65
,82
,13
,92
,59
,7
,70
,42
,37
,86
,17
,91
,76
,67
,12
,35
,27
,56
,69
,22
,67
,29
,18
,53
,70
,100
,51
,89
,36
,41
,76
,63
,9
,19
,42
,4
,45
,89
,61
,93
,90
,6
,24
,24
,39
,57
,2
,70
,33
,31
,12
,57
,12
,49
,61
,56
,21
,94
,93
,99
,93
,61
,100
,32
,46
,71
,83
,17
,65
,76
,69
,64
,42
,74
,74
,96
,74
,40
,32
,60
,78
,67
,63
,79
,25
,14
,63
,73
,58
,20
,73
,45
,37
,84
,99
,70
,83
,14
,60
,43
,93
,22
,69
,31
,54
,70
,88
,22
,87
,35
,67
,79
,84
,19
,100
,81
,52
,37
,27
,78
,97
,15
,68
,22
,1
,97
,46
,15
,52
,82
,45
,37
,87
,5
,55
,41
,16
,41
,53
,17
,63
,16
,73
,60
,85
,84
,60
,91
,88
,81
,21
,39
,71
,90
,51
,33
,7
,84
,5
,81
,20
,76
,70
,1
,39
,58
,97
,4
,3
,72
,64
,58
,59
,22
,71
,21
,45
,4
,51
,36
,47
,88
,75
,24
,80
,29
,27
,83
,33
,85
,59
,8
,50
,11
,89
,25
,4
,7
,98
,71
,14
,3
,27
,61
,3
,17
,91
,2
,27
,99
,6
,73
,61
,86
,31
,99
,85
,73
,66
,21
,3
,77
,1
,87
,70
,3
,33
,70
,63
,41
,50
,83
,41
,34
,91
,5
,1
,27
,24
,32
,44
,25
,62
,11
,73
,27
,64
,16
,50
,32
,24
,91
,5
,46
,97
,36
,65
,11
,65
,59
,23
,7
,93
,66
,69
,47
,22
,5
,83
,33
,90
,71
,57
,53
,96
,11
,85
,89
,41
,10
,26
,35
,81
,54
,10
,30
,15
,5
,26
,17
,26
,5
,64
,59
,49
,74
,25
,32
,61
,59
,32
,47
,19
,35
,57
,64
,44
,31
,47
,12
,57
,29
,33
,40
,34
,23
,85
,54
,16
,90
,96
,10
,42
,25
,92
,50
,16
,59
,21
,66
,70
,87
,35
,36
,63
,28
,45
,54
,14
,88
,87
,41
,30
,67
,23
,26
,53
,89
,28
,15
,45
,9
,80
,16
,67
,48
,96
,98
,92
,59
,44
,23
,95
,68
,48
,20
,2
,88
,69
,79
,67
,85
,11
,74
,12
,100
,67
,48
,86
,81
,75
,77
,62
,20
,63
,67
,100
,51
,49
,77
,88
,59
,23
,30
,99
,52
,80
,70
,100
,6
,93
,50
,78
,16
,2
,73
,80
,61
,39
,45
,7
,26
,40
,32
,96
,47
,95
,65
,52
,86
,99
,51
,88
,34
,2
,57
,35
,4
,44
,49
,22
,56
,66
,77
,25
,44
,17
,22
,54
,12
,72
,49
,6
,79
,7
,23
,12
,49
,29
,54
,57
,67
,52
,1
,14
,53
,95
,69
,52
,46
,52
,93
,95
,61
,59
,81
,96
,12
,95
,63
,81
,97
,22
,10
,31
,93
,66
,22
,46
,98
,23
,86
,3
,64
,61
,33
,70
,99
,70
,31
,66
,73
,32
,75
,52
,47
,96
,21
,42
,52
,17
,82
,76
,7
,15
,95
,67
,77
,30
,100
,72
,31
,29
,57
,54
,13
,42
,86
,99
,23
,5
,58
,83
,62
,23
,98
,59
,18
,14
,26
,75
,82
,46
,93
,40
,85
,74
,22
,63
,74
,14
,25
,88
,12
,47
,95
,7
,19
,99
,63
,34
,94
,9
,39
,48
,47
,20
,11
,85
,83
,87
,43
,8
,3
,86
,93
,83
,68
,85
,9
,33
,66
,34
,92
,87
,53
,7
,86
,18
,51
,86
,68
,97
,21
,89
,22
,1
,38
,49
,10
,51
,88
,12
,47
,65
,57
,2
,63
,6
,62
,31
,19
,70
,69
,72
,76
,86
,93
,55
,47
,27
,1
,1
,71
,44
,14
,88
,18
,99
,97
,81
,10
,27
,7
,88
,42
,94
,34
,86
,20
,38
,97
,26
,58
,48
,13
,95
,6
,83
,36
,3
,94
,33
,14
,46
,37
,70
,17
,75
,72
,71
,30
,86
,71
,92
,20
,10
,58
,75
,10
,86
,11
,10
,74
,69
,33
,53
,27
,87
,75
,12
,89
,100
,48
,2
,29
,92
,29
,68
,28
,35
,77
,63
,89
,5
,53
,29
,60
,47
,4
,93
,46
,77
,26
,86
,92
,8
,19
,54
,38
,49
,62
,11
,77
,85
,23
,48
,61
,1
,77
,14
,19
,93
,63
,16
,76
,59
,37
,46
,35
,7
,13
,89
,56
,22
,99
,15
,44
,24
,28
,70
,87
,50
,23
,62
,43
,39
,66
,99
,88
,74
,57
,79
,50
,52
,47
,77
,93
,3
,5
,33
,70
,1
,81
,100
,96
,2
,94
,32
,69
,26
,19
,83
,14
,41
,16
,59
,34
,10
,42
,10
,93
,35
,13
,32
,87
,87
,7
,21
,28
,68
,36
,43
,79
,79
,40
,39
,92
,63
,94
,65
,98
,24
,38
,51
,18
,99
,78
,6
,48
,7
,33
,13
,86
,8
,76
,26
,33
,60
,33
,47
,73
,25
,20
,89
,67
,99
,3
,27
,51
,82
,69
,82
,75
,47
,46
,53
,54
,22
,69
,34
,4
,34
,29
,6
,23
,37
,89
,100
,56
,76
,5
,98
,44
,58
,70
,23
,20
,96
,24
,20
,95
,25
,31
,73
,58
,43
,26
,63
,93
,34
,34
,76
,67
,10
,52
,3
,60
,17
,2
,63
,33
,98
,29
,5
,44
,2
,39
,17
,65
,81
,31
,11
,39
,27
,42
,21
,82
,10
,58
,19
,34
,26
,45
,97
,35
,77
,89
,7
,71
,22
,40
,68
,100
,27
,24
,61
,61
,27
,65
,2
,27
,26
,86
,94
,96
,25
,24
,83
,91
,72
,1
,87
,32
,87
,39
,6
,60
,6
,12
,8
,3
,71
,32
,51
,63
,55
,51
,8
,60
,92
,61
,58
,43
,5
,11
,32
,15
,65
,55
,77
,52
,91
,1
,87
,29
,89
,75
,37
,8
,21
,59
,80
,94
,73
,4
,87
,63
,28
,77
,45
,85
,32
,55
,82
,12
,49
,52
,34
,9
,11
,23
,81
,72
,4
,20
,79
,92
,55
,35
,22
,73
,37
,23
,71
,2
,33
,48
,80
,8
,46
,68
,93
,68
,26
,90
,41
,75
,14
,34
,20
,1
,95
,31
,29
,48
,48
,8
,93
,89
,15
,88
,86
,66
,90
,63
,47
,70
,45
,37
,7
,81
,19
,50
,30
,100
,78
,6
,84
,32
,71
,81
,90
,87
,47
,9
,31
,74
,44
,76
,42
,98
,84
,94
,40
,4
,29
,3
,48
,25
,80
,45
,50
,24
,75
,4
,17
,33
,97
,100
,50
,21
,72
,6
,81
,51
,49
,1
,46
,32
,22
,22
,29
,19
,34
,77
,78
,14
,13
,81
,99
,26
,3
,18
,30
,62
,32
,42
,53
,11
,60
,80
,80
,74
,47
,80
,19
,68
,74
,69
,19
,9
,54
,14
,69
,75
,84
,48
,56
,62
,29
,37
,18
,67
,88
,29
,41
,21
,63
,46
,55
,16
,98
,42
,85
,24
,21
,45
,22
,88
,88
,88
,39
,48
,55
,68
,23
,50
,81
,74
,2
,78
,39
,60
,7
,30
,65
,62
,8
,50
,89
,84
,78
,52
,33
,58
,36
,5
,20
,9
,66
,43
,17
,77
,32
,91
,83
,41
,98
,67
,96
,86
,27
,64
,76
,95
,43
,38
,42
,18
,9
,56
,25
,80
,67
,75
,47
,19
,43
,8
,17
,7
,9
,99
,66
,23
,13
,86
,52
,66
,6
,32
,66
,91
,36
,21
,62
,100
,96
,95
,81
,98
,20
,24
,34
,3
,89
,13
,81
,46
,5
,95
,84
,3
,72
,98
,24
,13
,81
,25
,64
,78
,81
,3
,64
,100
,24
,35
,11
,35
,29
,69
,10
,64
,73
,26
,70
,48
,62
,20
,80
,20
,34
,54
,91
,10
,35
,98
,98
,56
,64
,54
,46
,59
,87
,63
,53
,94
,6
,5
,61
,75
,87
,78
,69
,37
,29
,67
,17
,10
,82
,37
,92
,92
,99
,23
,21
,100
,57
,77
,38
,75
,14
,96
,100
,13
,59
,63
,21
,92
,47
,52
,100
,56
,59
,63
,18
,24
,56
,48
,89
,65
,3
,47
,25
,29
,92
,69
,61
,83
,15
,46
,95
,94
,94
,65
,23
,87
,34
,29
,55
,77
,29
,62
,54
,89
,10
,42
,44
,51
,46
,5
,99
,88
,100
,99
,55
,54
,24
,37
,65
,27
,74
,31
,72
,41
,21
,85
,65
,13
,6
,98
,72
,5
,18
,35
,11
,2
,9
,93
,25
,25
,65
,100
,76
,20
,17
,21
,74
,45
,58
,14
,39
,43
,80
,44
,95
,95
,55
,12
,53
,66
,23
,41
,79
,81
,50
,40
,22
,42
,27
,73
,79
,39
,26
,55
,4
,6
,31
,89
,53
,86
,67
,96
,23
,51
,42
,59
,20
,60
,77
,17
,39
,18
,26
,29
,47
,80
,89
,95
,12
,70
,44
,63
,12
,51
,67
,90
,65
,58
,55
,80
,73
,39
,17
,35
,53
,20
,5
,93
,37
,7
,92
,15
,9
,25
,75
,64
,80
,47
,49
,22
,81
,63
,1
,20
,75
,13
,8
,8
,43
,84
,36
,48
,22
,55
,88
,84
,97
,83
,4
,41
,40
,32
,45
,76
,62
,41
,45
,80
,61
,38
,73
,2
,71
,85
,60
,57
,47
,35
,96
,13
,73
,59
,14
,14
,88
,1
,37
,82
,20
,83
,51
,15
,25
,89
,74
,9
,65
,13
,5
,46
,28
,76
,39
,36
,63
,93
,67
,56
,64
,92
,37
,7
,79
,67
,8
,54
,50
,89
,72
,80
,41
,34
,65
,61
,77
,19
,68
,13
,16
,86
,6
,77
,10
,20
,45
,38
,4
,58
,2
,78
,64
,93
,33
,78
,70
,20
,87
,75
,76
,22
,98
,17
,47
,53
,94
,80
,69
,47
,3
,20
,74
,35
,76
,40
,89
,77
,63
,97
,18
,13
,38
,49
,15
,55
,27
,63
,23
,45
,3
,86
,63
,81
,27
,64
,42
,83
,6
,100
,38
,75
,15
,3
,61
,26
,93
,76
,85
,2
,87
,60
,49
,58
,61
,73
,40
,62
,27
,21
,42
,20
,59
,41
,19
,24
,56
,5
,87
,6
,85
,51
,77
,59
,13
,64
,67
,1
,83
,98
,62
,78
,6
,60
,36
,14
,64
,9
,16
,42
,2
,2
,46
,79
,45
,69
,41
,98
,12
,1
,18
,58
,95
,8
,44
,19
,6
,7
,16
,53
,88
,97
,75
,50
,93
,66
,51
,1
,94
,22
,13
,18
,87
,17
,5
,36
,55
,9
,96
,56
,11
,16
,49
,46
,66
,66
,26
,95
,61
,52
,27
,68
,91
,90
,11
,11
,33
,69
,66
,24
,35
,87
,58
,53
,62
,39
,1
,38
,42
,83
,44
,18
,20
,86
,63
,17
,23
,52
,18
,77
,62
,75
,45
,46
,78
,52
,35
,50
,46
,13
,78
,99
,39
,11
,85
,71
,8
,95
,49
,17
,17
,40
,21
,87
,67
,40
,74
,24
,64
,31
,99
,1
,59
,78
,2
,78
,59
,55
,1
,88
,58
,6
,63
,55
,88
,15
,44
,63
,43
,69
,70
,85
,43
,48
,50
,40
,65
,92
,21
,35
,91
,57
,25
,18
,74
,41
,91
,3
,54
,15
,23
,64
,27
,98
,90
,97
,61
,47
,78
,27
,46
,31
,86
,96
,77
,40
,83
,54
,41
,67
,85
,15
,2
,12
,17
,16
,35
,26
,49
,32
,92
,59
,99
,96
,58
,92
,64
,98
,68
,25
,38
,74
,64
,47
,38
,9
,94
,1
,90
,22
,16
,93
,39
,73
,80
,49
,65
,32
,71
,43
,83
,92
,50
,29
,67
,83
,100
,43
,64
,75
,73
,77
,57
,67
,36
,16
,72
,58
,56
,13
,30
,56
,91
,28
,1
,38
,31
,1
,31
,17
,52
,53
,5
,87
,20
,100
,94
,17
,51
,46
,66
,16
,46
,64
,97
,54
,24
,4
,67
,66
,48
,82
,79
,30
,62
,92
,76
,77
,17
,69
,88
,86
,93
,29
,10
,27
,64
,75
,37
,21
,85
,81
,72
,57
,22
,37
,82
,89
,24
,95
,72
,80
,80
,90
,98
,36
,79
,43
,98
,11
,16
,55
,70
,69
,57
,4
,73
,56
,6
,90
,56
,46
,61
,92
,32
,67
,69
,8
,55
,71
,87
,81
,11
,18
,70
,49
,27
,62
,1
,14
,86
,46
,44
,21
,28
,67
,13
,72
,27
,88
,100
,70
,98
,19
,87
,56
,76
,20
,32
,48
,56
,23
,43
,77
,27
,29
,91
,63
,98
,65
,70
,97
,4
,52
,88
,70
,10
,32
,8
,56
,81
,72
,63
,50
,73
,24
,37
,77
,58
,26
,81
,22
,6
,73
,39
,26
,96
,11
,16
,86
,38
,51
,96
,97
,77
,86
,33
,88
,54
,76
,9
,7
,83
,8
,57
,4
,95
,17
,99
,20
,99
,72
,22
,71
,11
,13
,55
,48
,34
,86
,67
,78
,61
,32
,94
,74
,12
,66
,40
,38
,71
,60
,9
,84
,11
,49
,7
,88
,30
,98
,59
,7
,6
,63
,29
,91
,38
,39
,57
,63
,63
,6
,77
,56
,73
,73
,89
,5
,28
,48
,63
,35
,8
,69
,71
,69
,85
,81
,86
,76
,46
,14
,11
,89
,97
,8
,42
,63
,62
,28
,48
,13
,83
,84
,89
,18
,53
,14
,38
,84
,44
,87
,93
,21
,72
,27
,78
,60
,51
,94
,50
,95
,34
,73
,65
,85
,79
,94
,41
,36
,4
,75
,75
,11
,28
,66
,54
,48
,100
,35
,100
,77
,91
,1
,65
,97
,42
,7
,15
,51
,59
,51
,9
,62
,28
,54
,23
,78
,61
,29
,18
,60
,10
,54
,46
,97
,47
,72
,17
,50
,12
,82
,30
,2
,9
,52
,56
,9
,18
,78
,82
,10
,59
,4
,82
,93
,82
,26
,56
,42
,11
,82
,14
,24
,8
,9
,39
,49
,45
,28
,43
,99
,32
,99
,39
,57
,100
,18
,42
,95
,29
,21
,18
,9
,80
,7
,42
,77
,57
,79
,75
,5
,91
,24
,88
,32
,43
,17
,60
,94
,10
,63
,30
,94
,32
,38
,26
,41
,7
,71
,79
,37
,42
,58
,13
,18
,15
,77
,3
,40
,58
,22
,100
,33
,11
,2
,11
,60
,13
,32
,92
,87
,70
,18
,79
,65
,43
,25
,43
,76
,98
,17
,72
,88
,70
,93
,59
,83
,32
,49
,44
,88
,63
,88
,77
,46
,15
,15
,19
,77
,91
,29
,9
,67
,92
,3
,99
,21
,57
,35
,16
,54
,50
,65
,1
,56
,59
,80
,17
,90
,70
,62
,51
,21
,72
,26
,46
,12
,40
,96
,60
,54
,15
,10
,71
,58
,30
,52
,88
,88
,18
,88
,16
,9
,13
,25
,47
,45
,16
,99
,70
,62
,79
,43
,91
,53
,28
,31
,82
,69
,25
,96
,28
,27
,96
,45
,35
,87
,81
,50
,79
,14
,58
,65
,59
,34
,81
,43
,4
,96
,81
,22
,96
,55
,56
,91
,22
,86
,34
,13
,66
,41
,35
,31
,58
,53
,91
,45
,52
,39
,95
,21
,46
,71
,20
,40
,40
,7
,26
,63
,25
,35
,9
,68
,1
,12
,45
,6
,41
,71
,67
,6
,37
,15
,10
,55
,34
,47
,27
,75
,20
,62
,2
,22
,8
,13
,40
,64
,2
,58
,63
,78
,9
,80
,59
,37
,37
,82
,30
,58
,28
,47
,60
,51
,89
,33
,20
,89
,84
,69
,80
,56
,48
,88
,91
,63
,55
,34
,67
,23
,29
,54
,9
,15
,6
,17
,37
,55
,79
,8
,57
,28
,58
,59
,77
,87
,13
,39
,22
,71
,77
,6
,58
,14
,63
,2
,61
,32
,20
,5
,8
,1
,39
,92
,2
,66
,5
,99
,51
,3
,23
,29
,76
,34
,67
,10
,36
,99
,22
,74
,1
,90
,93
,16
,89
,5
,94
,89
,69
,25
,96
,41
,21
,90
,89
,39
,8
,6
,69
,8
,31
,90
,81
,84
,72
,30
,92
,40
,28
,14
,71
,99
,45
,86
,22
,84
,54
,7
,49
,57
,30
,43
,25
,47
,40
,28
,87
,92
,19
,100
,32
,36
,66
,10
,60
,56
,28
,74
,45
,36
,2
,64
,54
,64
,4
,62
,21
,45
,25
,79
,26
,84
,86
,97
,61
,27
,59
,84
,57
,64
,81
,68
,28
,52
,92
,89
,76
,82
,29
,67
,46
,33
,79
,8
,79
,84
,33
,45
,3
,8
,90
,51
,72
,61
,80
,78
,32
,96
,32
,56
,20
,82
,18
,75
,37
,100
,100
,62
,69
,72
,62
,66
,36
,42
,45
,5
,9
,4
,68
,99
,83
,16
,42
,26
,15
,25
,61
,85
,86
,34
,5
,45
,68
,17
,42
,73
,7
,72
,28
,95
,95
,59
,12
,16
,81
,96
,81
,48
,80
,50
,93
,11
,32
,60
,68
,25
,35
,12
,22
,36
,79
,96
,65
,21
,93
,94
,37
,26
,9
,59
,2
,72
,14
,63
,73
,94
,55
,7
,57
,75
,77
,56
,90
,25
,15
,20
,89
,5
,32
,12
,13
,34
,88
,25
,69
,81
,72
,80
,17
,67
,45
,86
,86
,26
,4
,91
,12
,98
,29
,81
,69
,25
,25
,69
,15
,95
,5
,75
,9
,1
,57
,19
,35
,53
,55
,88
,16
,53
,78
,83
,12
,24
,55
,95
,99
,91
,74
,28
,93
,13
,99
,80
,55
,38
,42
,36
,18
,35
,46
,21
,12
,67
,14
,83
,21
,84
,77
,73
,17
,81
,41
,23
,15
,35
,9
,100
,6
,78
,84
,83
,70
,25
,27
,93
,19
,39
,19
,27
,27
,15
,78
,39
,5
,95
,49
,40
,97
,74
,64
,58
,8
,74
,85
,28
,95
,47
,92
,48
,22
,83
,61
,40
,17
,98
,64
,43
,21
,74
,22
,74
,42
,54
,23
,8
,23
,9
,19
,71
,15
,81
,86
,4
,86
,37
,35
,30
,22
,63
,19
,16
,43
,41
,84
,26
,38
,99
,59
,10
,98
,11
,68
,36
,51
,24
,61
,55
,21
,96
,13
,20
,20
,55
,28
,9
,11
,78
,62
,47
,15
,41
,8
,15
,91
,41
,73
,84
,80
,56
,49
,87
,13
,98
,72
,55
,31
,2
,99
,75
,100
,47
,17
,6
,1
,24
,14
,71
,26
,52
,9
,89
,88
,42
,66
,67
,89
,27
,73
,37
,16
,58
,62
,30
,24
,6
,45
,49
,49
,63
,94
,98
,62
,90
,22
,42
,70
,1
,51
,53
,59
,92
,77
,34
,60
,24
,73
,96
,90
,73
,57
,57
,14
,8
,90
,26
,9
,11
,43
,75
,77
,30
,36
,4
,77
,27
,57
,66
,25
,94
,15
,34
,100
,10
,59
,3
,33
,98
,41
,29
,88
,43
,70
,42
,97
,2
,84
,93
,66
,20
,70
,77
,26
,88
,6
,46
,4
,55
,80
,79
,98
,60
,4
,38
,36
,47
,77
,36
,44
,63
,18
,31
,21
,28
,5
,12
,81
,17
,5
,85
,7
,4
,91
,40
,70
,70
,10
,31
,31
,22
,50
,64
,47
,2
,48
,66
,58
,30
,53
,62
,67
,70
,95
,97
,99
,15
,34
,91
,34
,80
,17
,79
,34
,68
,78
,41
,45
,26
,46
,81
,100
,38
,100
,29
,34
,74
,12
,91
,93
,80
,12
,37
,26
,37
,2
,44
,63
,9
,61
,16
,95
,52
,14
,7
,47
,71
,66
,4
,36
,73
,22
,24
,38
,15
,93
,6
,88
,9
,93
,46
,89
,21
,42
,41
,88
,98
,71
,5
,6
,22
,16
,93
,10
,77
,49
,94
,70
,32
,57
,26
,38
,36
,93
,40
,83
,76
,49
,21
,98
,73
,15
,14
,46
,84
,63
,28
,16
,72
,75
,71
,62
,43
,56
,30
,83
,9
,35
,72
,50
,90
,15
,68
,46
,76
,61
,63
,97
,14
,20
,64
,29
,36
,65
,9
,83
,81
,28
,44
,74
,98
,34
,40
,93
,2
,11
,82
,12
,78
,1
,88
,53
,86
,10
,98
,92
,83
,67
,85
,63
,12
,65
,75
,1
,99
,92
,30
,76
,89
,16
,4
,65
,81
,48
,34
,64
,6
,29
,49
,25
,20
,28
,8
,95
,90
,29
,19
,6
,40
,12
,63
,3
,4
,21
,78
,93
,35
,53
,5
,10
,18
,83
,100
,32
,36
,44
,44
,65
,80
,43
,94
,19
,23
,11
,85
,9
,18
,68
,1
,85
,23
,55
,62
,89
,16
,94
,78
,44
,10
,64
,39
,38
,52
,38
,99
,46
,94
,54
,50
,58
,60
,59
,4
,49
,59
,60
,10
,60
,54
,48
,89
,2
,4
,57
,82
,95
,74
,69
,6
,11
,69
,79
,24
,87
,78
,2
,38
,19
,50
,52
,70
,1
,98
,12
,45
,54
,90
,52
,86
,23
,82
,14
,17
,48
,17
,10
,85
,70
,89
,40
,77
,16
,13
,15
,91
,8
,9
,72
,85
,33
,67
,61
,90
,56
,82
,48
,76
,63
,29
,70
,1
,86
,67
,93
,4
,75
,49
,57
,12
,43
,76
,69
,64
,71
,30
,21
,45
,78
,74
,63
,46
,48
,43
,81
,66
,29
,55
,11
,12
,53
,28
,34
,100
,49
,81
,68
,58
,79
,58
,69
,66
,54
,36
,66
,93
,49
,28
,75
,28
,46
,32
,99
,1
,68
,79
,81
,45
,29
,4
,70
,14
,77
,38
,26
,19
,6
,99
,62
,70
,52
,54
,52
,23
,74
,29
,88
,55
,53
,32
,48
,79
,26
,21
,75
,94
,53
,21
,12
,5
,28
,32
,62
,37
,21
,27
,7
,44
,31
,62
,64
,86
,16
,87
,81
,61
,7
,81
,91
,85
,6
,59
,98
,30
,56
,17
,63
,68
,2
,9
,27
,91
,34
,21
,89
,20
,61
,23
,79
,94
,11
,84
,80
,55
,22
,32
,78
,25
,2
,71
,20
,51
,38
,69
,47
,80
,82
,13
,25
,62
,10
,41
,72
,96
,2
,8
,80
,85
,61
,1
,16
,47
,9
,81
,98
,53
,18
,90
,10
,35
,84
,51
,21
,92
,87
,50
,91
,22
,63
,40
,73
,25
,51
,36
,44
,93
,95
,31
,99
,44
,83
,35
,51
,40
,96
,16
,56
,71
,58
,47
,18
,86
,73
,47
,96
,13
,68
,76
,71
,92
,55
,78
,98
,69
,71
,6
,44
,12
,100
,7
,84
,48
,64
,71
,69
,71
,57
,40
,91
,58
,19
,40
,6
,79
,45
,99
,17
,66
,13
,12
,67
,39
,29
,89
,39
,51
,55
,8
,80
,35
,6
,10
,86
,79
,12
,15
,14
,50
,27
,51
,66
,32
,25
,38
,94
,97
,96
,21
,47
,38
,2
,6
,46
,34
,100
,98
,77
,13
,26
,58
,20
,48
,68
,8
,1
,4
,11
,99
,45
,77
,20
,74
,82
,4
,31
,3
,21
,22
,63
,56
,75
,56
,11
,26
,97
,100
,32
,81
,35
,77
,13
,17
,83
,4
